Player,Cluster,tSNE_1,tSNE_2
Max Aarons,0,-41.669136,5.5909624
Max Aarons,2,30.825811,-16.355328
Rodrigo Abajas,0,-42.61968,13.336241
James Abankwah,1,16.109184,1.8366961
Keyliane Abdallah,1,6.5124245,-27.550674
Yunis Abdelhamid,2,44.609528,4.798033
Himad Abdelli,0,-10.980478,0.40141279
Mohamed Abdelmoneim,2,44.46834,14.916501
Ali Abdi,1,-35.39886,-33.230522
Saud Abdulhamid,0,19.637522,14.98366
Abel,0,-36.05753,-17.191519
Nabil Aberdin,0,1.822227,40.642517
Oliver Abildgaard,2,46.18922,14.493166
Matthis Abline,1,1.6957177,-30.235056
Abner,0,19.70332,14.918477
Zakaria Aboukhlal,0,-38.271072,-12.217296
Abdel Abqar,2,33.017876,2.8094435
Tammy Abraham,0,14.496104,18.104425
Tammy Abraham,0,12.894955,21.50295
Federico Accornero,0,4.849784,4.3795915
Francesco Acerbi,0,-23.066395,14.583497
Joshua Acheampong,0,15.250723,13.204274
Akor Adams,0,-36.017685,-15.483315
Akor Adams,0,-37.387524,-16.080753
Che Adams,1,4.482515,-9.7896385
Tyler Adams,1,-1.1511104,-17.877974
Junior Adamu,0,-25.530249,-18.680746
Tosin Adarabioyo,0,7.9052463,7.5587564
Martin Adeline,1,-7.588687,-5.9664145
Karim Adeyemi,0,-49.62065,-22.340786
Simon Adingra,1,13.934287,-27.23148
Amine Adli,1,27.345587,-26.560606
Yacine Adli,0,-14.315836,-7.7094464
Adrián,2,48.78769,12.414875
Adryelson,0,-36.91622,-25.132608
Vasilije Adžić,0,-48.142452,-21.127903
Michel Aebischer,0,-50.24748,-23.787498
Oladapo Afolayan,0,7.5218153,25.492086
Emmanuel Agbadou,1,7.6232724,-20.841824
Emmanuel Agbadou,2,48.05321,-7.5467653
Asher Agbinone,1,-20.233555,-32.931503
Jeremy Agbonifo,0,-18.639404,7.09436
Julen Agirrezabala,1,-19.197746,-28.500732
Lucien Agoume,0,2.5168407,40.230698
Felix Agu,0,-43.195747,7.135235
Álvaro Aguado,0,12.037071,25.692732
Lorenzo Aguado,1,-28.660704,-37.22559
Nayef Aguerd,0,-28.880892,4.5064898
Ruben Aguilar,0,-13.572439,20.897823
Naouirou Ahamada,1,35.16606,-20.297659
Honest Ahanor,2,30.675478,0.35238513
Erik Ahlstrand,2,31.935816,-1.9369055
Jean-Eudes Aholou,0,15.925015,10.859965
Joseph Aidoo,0,24.881754,10.164539
Joseph Aidoo,1,24.638166,-12.460818
Ayman Aiki,0,9.3665495,13.423275
Ola Aina,1,-21.151741,-37.84353
Rayan Aït-Nouri,0,-45.550274,-19.576035
Junior Ajayi,0,-13.650653,-10.166693
Kristoffer Ajer,1,3.734706,-8.689899
Ludovic Ajorque,0,-9.783981,-9.75928
Manuel Akanji,1,12.606632,6.0946646
Ümit Akdag,2,54.925255,6.619585
Nathan Aké,0,-31.17657,-18.844515
Ilias Akhomach,0,0.3821488,3.2133155
Sergio Akieme,0,-21.22514,4.3028097
Maghnes Akliouche,1,5.122204,-26.270176
Paul Akouokou,1,14.036417,-15.727192
Clément Akpa,2,43.73417,-12.712758
Jean-Daniel Akpa-Akpro,0,-17.932928,10.09414
David Akpan Ankeye,2,44.320618,1.6878914
Kevin Akpoguma,1,-31.056646,-31.34094
Chuba Akpom,1,22.661919,-19.61881
David Alaba,1,2.4897351,-31.609741
Ibrahim Alani,1,18.308334,-18.710989
Andreas Albers,0,-4.898765,32.58243
Raúl Albiol,0,-25.156307,-2.9551723
Carlos Alcaraz,1,24.80609,-25.025864
Carlos Alcaraz,0,3.5137305,15.106168
Omar Alderete,1,-34.280594,-26.728447
Carles Aleñá,0,-0.9842619,25.538103
Carles Aleñá,0,-3.5307999,18.356833
Ben Alexander Voll,2,34.485573,-2.5632567
Trent Alexander-Arnold,0,-15.282808,-9.818859
Alfon,1,11.363746,-29.244421
Mohamed Ali Cho,2,39.39718,11.812132
Faride Alidou,1,10.50613,-31.820154
Alisson,0,-39.0776,21.153648
Tadeo Allende,0,-41.086155,19.140837
Jim Allevinah,0,8.123307,37.07978
Dele Alli,1,6.6396904,-26.79047
Thiago Almada,1,22.810024,-26.130527
Domingos André Ribeiro Almeida,1,13.835477,-6.0118327
Iker Almena,0,7.665795,33.978565
Miguel Almirón,2,29.697283,-10.920188
Pontus Almqvist,0,-0.76180196,41.908764
Marcos Alonso,1,3.0201967,-16.828138
Giorgio Altare,0,6.554964,26.677422
Adrià Altimira,0,-33.241188,17.021767
Sergi Altimira,0,0.9824416,25.938864
Olabade Aluko,0,-36.517178,-12.003129
Edson Álvarez,0,17.561003,28.602604
Hugo Álvarez,0,18.5624,27.28514
Julián Álvarez,0,-9.349524,11.645078
Yeray Álvarez,2,36.451878,6.39043
Skelly Alvero,1,30.118055,-1.728659
Will Alves,1,24.316706,-23.25142
Selim Amallah,1,6.8449683,-30.185612
Harry Amass,0,4.509162,15.996773
Amath,1,20.432728,-28.704525
Jordan Amavi,0,5.481822,-0.8582988
Aurele Amenda,0,-16.971827,-15.548936
Kelvin Amian,0,9.343168,26.88526
Michael Amir Murillo,1,16.128756,-1.5787315
Nadiem Amiri,0,-49.564926,-18.029482
Samuel Amo-Ameyaw,0,6.1527596,37.736294
Samuel Amo-Ameyaw,0,14.031923,8.234177
Mathis Amougou,1,10.499432,0.8762495
Mathis Amougou,0,-20.714705,2.46429
Mohamed Amoura,0,-31.139599,2.603677
Sofyan Amrabat,0,16.234018,12.559796
Joachim Andersen,1,-34.703033,-32.568783
Joachim Andersen,0,-14.003382,0.45659065
Elliot Anderson,2,46.359745,-8.884959
André,0,-35.789738,-3.480686
Benjamin André,0,-48.399136,-22.650747
Marcos André,0,13.624723,16.669352
Robert Andrich,0,-49.167755,-22.143791
Angeliño,0,-0.9271666,28.2708
Lorenzo Anghelè,0,-20.727722,2.990284
Faustino Anjorin,0,0.9021457,29.203308
Waldemar Anton,0,18.56339,4.221819
Leandro Antonetti,0,-0.3158969,5.1483507
Kyllian Antonio,0,-2.1236742,2.6596024
Michail Antonio,2,41.560555,-5.520848
Antoniu,0,10.682511,24.218649
Antony,1,33.900814,-4.813065
Antony,0,6.1961527,31.103262
Anuar,1,18.127659,-15.118119
Dennis Appiah,1,-24.32549,-27.551886
Aritz Arambarri,0,-20.871645,0.32154515
Mauro Arambarri,0,-34.578693,11.805263
Jon Aramburu,0,-28.559631,-15.562099
Julian Araujo,0,10.635766,39.148228
Ronald Araújo,0,-45.74077,-23.255383
Cameron Archer,0,4.5888333,18.275198
Carlens Arcus,0,5.011993,24.80205
Alphonse Areola,0,-45.070595,6.497726
Adu Ares,0,-11.169497,-0.31044486
Jesús Areso,2,51.327843,-2.3882108
David Argüelles,1,12.497133,-18.75965
Joe Aribo,2,34.251953,-17.11606
Adam Armstrong,0,-2.2830672,42.20539
Harrison Armstrong,2,45.778725,2.2048154
José Arnaiz,1,-7.977527,-10.025624
Hákon Arnar Haraldsson,1,10.246259,8.266161
Marko Arnautović,1,8.263454,-10.202877
Maximilian Arnold,2,50.442497,11.501162
Jann-Fiete Arp,0,-27.266762,-19.841934
Sergio Arribas,1,-32.918404,-32.860573
Kepa Arrizabalaga,1,-22.930119,-25.236034
Arthur,1,28.044804,-19.118166
Takuma Asano,0,-30.812864,-17.651064
Raúl Asencio,0,-34.65949,10.733922
Marco Asensio,0,14.936109,3.252138
Marco Asensio,0,19.58775,5.808558
Kristjan Asllani,0,13.215609,14.923926
Iago Aspas,1,2.9442651,-26.912436
Yaser Asprilla,1,-39.022896,-30.74022
Lorenz Assignon,0,-0.3472037,4.501504
Dehmaine Assoumani,2,40.51977,14.705079
Valentin Atangana Edoa,0,-7.5045,0.1259588
Arthur Atta,0,-9.819127,-13.485181
Noah Atubolu,0,-14.886492,-11.423502
Emil Audero,0,-25.78829,-13.105723
Tommaso Augello,1,28.225826,-23.012707
Carlos Augusto,1,23.90438,-3.0245578
Yann Aurel Bisseck,0,-25.71083,4.667183
Brandon Austin,2,40.046974,-13.046882
Ezequiel Ávila,0,5.6387897,34.75398
Taiwo Awoniyi,1,9.061645,-9.337471
Yasin Ayari,0,20.838177,6.281933
Florian Ayé,2,38.378666,-6.2903776
André Ayew,0,-25.198708,5.92318
Jordan Ayew,0,6.556098,23.586365
Jordan Ayew,0,-18.614773,15.953047
Neil El Aynaoui,0,13.214567,15.740393
Ayman Azhil,1,7.1395407,-21.807981
Adam Aznou,1,-4.9236007,-7.633631
Adam Aznou,1,-36.652103,-26.194044
César Azpilicueta,1,6.5038066,-22.031399
Paulo Azzi,2,40.63148,-2.3183532
Oussama El Azzouzi,1,-3.1579454,-6.359349
Papa Ba,0,-12.749348,-0.33080766
Shavy Babicka,0,4.8723073,25.497774
Jacopo Bacci,0,4.781769,4.1999745
Aliou Badara Baldé,1,-16.984339,-29.3832
Loïc Bade,0,-20.017874,24.080153
Milan Badelj,0,-37.36912,-0.62977314
Benoît Badiashile,0,-16.899445,22.293917
Alex Baena,0,20.581516,14.637589
Juma Bah,1,11.596296,-30.809822
Juma Bah,1,22.917881,-11.339493
Leon Bailey,0,-33.23791,10.5158
Eric Bailly,2,45.66039,17.43386
Theo Bair,1,-23.898216,-25.905647
Stefan Bajcetic,1,-5.5269647,-16.370155
Cédric Bakambu,2,48.008392,11.378248
Mitchel Bakker,1,-30.56355,-33.166782
Mitchel Bakker,0,-5.5884047,13.572663
Darryl Bakola,0,12.621678,7.6127014
Ridle Baku,1,23.256582,-19.375076
Ridle Baku,0,-11.97671,-11.575409
Dilane Bakwa,0,4.0193357,17.112026
Tommaso Baldanzi,0,-41.285183,2.2764127
Alejandro Balde,1,3.4751654,-10.379248
Keita Baldé,2,38.233894,-7.3734655
Carlos Baleba,1,-19.772804,-37.95239
Leonardo Balerdi,2,45.008343,17.343666
Iván Balliu,0,10.948516,27.125072
Fodé Ballo-Touré,0,-38.48617,15.474145
Botond Balogh,0,15.689128,18.613895
Folarin Balogun,0,-34.398003,5.4686174
Mario Balotelli,0,-17.778702,9.006935
Abdoulaye Bamba,0,-33.679886,-20.867416
Jonathan Bamba,0,-16.210117,1.9259009
Mohamed Bamba,2,44.42382,17.13941
Samuel Bamba,2,41.01444,14.641448
Lameck Banda,0,-40.57779,21.665146
Daniel Bandeira,0,-14.968274,-2.836436
Mattia Bani,0,15.399226,19.591156
Noahkai Banks,1,10.436666,-8.694568
Scott Banks,1,20.438347,-20.112083
Adrian Baquerin,0,-12.330024,6.5432634
Antonín Barák,0,-16.594152,19.408365
Federico Barba,2,48.14525,-2.7995212
Valentín Barco,1,-26.354475,-35.50012
Valentín Barco,1,1.4265617,-21.117365
Bradley Barcola,0,-14.444649,14.164508
Melvin Bard,2,44.97688,-9.141538
Nicolò Barella,1,-22.756441,-31.261251
Gabriel Bares,0,-15.336666,10.773683
Borna Barišić,0,-41.968937,19.638435
Téo Barisic,0,-25.56548,-3.3801124
Kike Barja,0,0.73840654,35.049526
Ross Barkley,0,-23.195831,9.592596
Aymen Barkok,0,-37.95978,-2.6841512
Harvey Barnes,0,0.078912504,33.271336
Enzo Barrenechea,0,8.682409,32.52856
Ander Barrenetxea,0,-2.4657829,37.490395
Pablo Barrios,0,11.102483,21.434542
Thierno Barry,0,16.83468,12.468974
Davide Bartesaghi,1,20.110622,-24.68864
Marc Bartra,2,55.603058,11.26167
Federico Baschirotto,0,-45.301228,18.848093
Daniele Baselli,2,33.949253,14.618855
Calvin Bassey,1,16.825064,0.9985137
Aboubacar Bassinga,0,-18.53609,-19.03664
Alessandro Bastoni,0,-26.157103,-13.116674
Augusto Batalla,2,56.57902,9.687357
Michy Batshuayi,0,1.8345258,42.33784
Dylan Batubinsika,1,-32.02046,-32.845245
Maximilian Bauer,0,-2.6683688,20.321722
Oliver Baumann,0,-12.925404,-9.356449
Christoph Baumgartner,1,8.448708,-18.744291
Rafael Bauza,0,-9.928204,-10.5688925
Altay Bayındır,0,26.441563,9.511246
Ihlas Bebou,1,-24.8226,-33.085594
Adrian Beck,1,5.6659102,-20.47633
Sheraldo Becker,1,28.712894,-28.12528
Timo Becker,0,8.1151,25.726152
Jan Bednarek,1,20.057865,-18.191792
Donny van de Beek,0,-13.604289,18.84069
Hannes Behrens,0,-9.580892,-3.9445953
Kevin Behrens,0,-34.76025,20.603462
Maximilian Beier,0,-27.502853,2.2355072
Luken Beitia,0,-48.78583,-23.41168
Ismael Bekhoucha,0,-40.9525,5.7371335
Reda Belahyane,0,-45.891678,4.79382
Reda Belahyane,2,34.66449,-15.011229
Haris Belkebla,0,14.1182575,38.05312
Yassin Belkhdim,0,-4.5120997,39.509632
Stefan Bell,1,25.66766,-16.260761
Armel Bella Kotchap,1,17.67011,-11.987423
Raoul Bellanova,0,-10.985887,-1.2150936
Raoul Bellanova,0,4.2849474,20.14829
Jean-Ricner Bellegarde,1,24.980295,-14.36004
Héctor Bellerín,0,17.178541,29.44716
Jude Bellingham,0,-7.9692597,7.808746
Jeanuël Belocian,1,-26.00717,-25.258507
Andrea Belotti,0,9.821228,12.798946
Fran Beltrán,0,-43.480648,-24.526327
Lucas Beltrán,0,-20.470497,2.7607732
Eliesse Ben Seghir,0,-31.05209,14.024194
Carlos Benavídez,0,-33.811623,-3.4359457
Adrian Benedyczak,0,-24.881521,5.390801
László Bénes,0,17.112452,5.6946325
Iker Benito,0,-5.924268,6.780505
Ismaël Bennacer,0,-15.733795,16.120655
Ismaël Bennacer,1,-18.044874,-30.008018
Saïd Benrahma,0,-2.8836682,25.97461
Ramy Bensebaini,0,16.863691,13.405669
Nabil Bentaleb,1,26.063112,-29.225319
Rodrigo Bentancur,1,-8.749027,-27.361328
Daniel Bentley,0,-49.470062,-23.681576
Lucas Beraldo,1,11.789617,-30.870142
Yuri Berchiche,1,4.437832,-18.94825
Álex Berenguer,0,-29.372189,10.722775
Sander Berge,0,-0.26683286,29.853228
Lucas Bergvall,0,-22.95257,17.308985
Medon Berisha,0,-28.164343,4.762953
Mergim Berisha,0,-3.5988116,-4.6878123
Mergim Berisha,0,-47.948975,-23.327602
Adrian Bernabe,1,2.4608839,-11.814146
Marc Bernal,1,4.7304516,-27.401947
Bernardo,1,25.63973,-2.3949015
Juan Bernat,1,16.439049,-17.160511
Juan Bernat,1,-8.900881,-12.408058
Maxime Bernauer,2,51.417732,10.780546
Antoine Bernede,1,-38.752586,-28.148191
Alexander Bernhardsson,2,42.130737,14.421495
Victor Bernth Kristiansen,0,-21.09622,16.087881
Matúš Bero,0,-16.16924,-14.897022
Juan Berrocal,1,-30.162329,-35.433132
Dimitry Bertaud,0,1.8956,-4.557185
Jan-Niklas Beste,1,5.551527,-25.967434
Beto,1,-30.113457,-28.66672
Sam Beukema,0,-33.88101,-15.5808735
Alessandro Bianco,0,7.3578944,19.794832
Alessandro Bianco,0,-30.369614,-2.8800292
Mika Biereth,0,-41.590614,11.361965
Jaka Bijol,0,-4.058149,36.62821
El Bilal Touré,1,-21.436392,-31.751133
Philip Billing,0,-39.41689,8.643978
Philip Billing,1,13.828412,-25.905195
Cristiano Biraghi,1,-20.192242,-32.05609
Cristiano Biraghi,0,-18.974548,22.197674
Samuele Birindelli,0,-3.8299937,27.398085
Tom Bischof,2,46.765545,-9.195162
Yves Bissouma,1,-1.4992698,-4.16027
Leonardo Bittencourt,0,-7.420567,-7.477229
Emmanuel Biumla,1,23.806055,-14.288211
Marco Bizot,0,27.726799,9.558319
Bjarki Bjarkason,0,-38.298145,7.7778425
Antonio Blanco,1,8.278205,-6.7182937
Ludovic Blas,0,-27.164848,1.7422309
Daley Blind,1,9.007323,-5.6924944
Myron Boadu,0,-4.0576563,18.243084
Augustine Boakye,0,-0.20330672,13.375139
Oscar Bobb,2,37.338997,10.97186
Mathéo Bodmer,1,28.197884,-28.550892
Sacha Boey,0,-38.305706,21.24446
Jeremie Boga,0,-45.214714,5.5806646
Lamare Bogarde,0,-15.109173,-5.4728346
Emil Bohinen,1,-33.439564,-32.085587
Adama Boiro,1,-26.380785,-30.617035
Willy Boly,0,-13.415576,-13.086456
Moïse Bombito,0,36.360542,15.341749
Warren Bondo,0,13.086893,20.019981
Warren Bondo,1,-24.35857,-25.605772
Victor Boniface,2,33.845695,4.259387
Kevin Bonifazi,0,-45.031994,-24.62055
Ange-Yoan Bonny,1,18.507004,-13.365983
Sebastiaan Bornauw,0,-18.844076,-19.615082
Sven Botman,2,30.848158,-1.6982975
Saïmon Bouabré,0,-4.8719563,33.954815
Ayyoub Bouaddi,0,-0.47554854,18.76769
Badredine Bouanani,1,23.563747,-17.926577
Benjamin Bouchouari,0,-34.55926,-18.279566
Hicham Boudaoui,1,-20.900017,-33.80699
Carlo Boukhalfa,0,-16.664633,-18.403341
Justin Bourgault,0,-33.988228,13.139808
Benjamin Bourigeaud,0,14.312991,27.03139
Edoardo Bove,0,-2.36273,40.321796
Jarrod Bowen,0,-16.620958,8.604897
Enzo Boyomo,0,1.6775199,18.842094
Enzo Boyomo,1,-17.385294,-27.55547
Domagoj Bradarić,1,-18.192787,-20.050434
Conor Bradley,1,7.8013554,-30.561089
Bilal Brahimi,0,-16.80362,7.9154277
Julian Brandt,0,-7.7969656,-8.126164
Jarrad Branthwaite,0,12.635067,11.480129
Darko Brašanac,0,-24.109692,11.458076
Lilian Brassier,0,7.668782,8.397144
Lilian Brassier,1,2.3610897,-26.099552
Matthias Braunöder,0,-26.129559,12.285586
Iker Bravo,1,-21.075575,-22.227808
James Bree,1,14.734614,-6.43371
Tim Breithaupt,0,-43.444332,14.577813
Gleison Bremer,1,25.429989,-3.2004411
Brenner,0,6.935147,16.408842
Ben Brereton,1,-29.971498,-25.802616
Marco Brescianini,0,17.81707,28.977448
Maximilian Breunig,1,15.387248,-18.888844
Anthony Briançon,2,49.788246,-3.6560414
Nathan Broadhead,2,41.26923,15.718449
Armando Broja,0,5.7521234,35.59236
David Brooks,0,-41.502552,14.2245
Arvid Brorsson,1,27.600885,-12.302099
Moritz Broschinski,0,-1.411841,31.799053
Nathaniel Brown,0,3.711742,31.068888
Jacob Bruun Larsen,1,18.85104,-21.213295
Jacob Bruun Larsen,2,35.50835,-20.50625
Tajon Buchanan,0,-31.30161,-0.77496237
Tajon Buchanan,0,-37.65405,12.448614
Ante Budimir,2,30.587423,-0.29865184
Emi Buendía,0,-4.6551976,0.20143339
Emi Buendía,0,-38.940304,0.018841624
Manu Bueno,0,-43.77618,17.553942
Santiago Bueno,0,-22.189928,-18.18879
Endika Buján,0,-15.451349,11.552879
Marius Bülter,1,26.33862,-13.31378
Facundo Buonanotte,0,7.2712545,0.9165545
Alessandro Buongiorno,0,-35.516926,3.2466927
Cameron Burgess,2,54.943607,8.472005
Jonathan Burkardt,1,27.182074,-7.1476045
Oliver Burke,0,-45.03474,-25.236664
Dan Burn,0,10.779109,25.688768
Rareș-Cătălin Burnete,1,20.587065,-27.28485
Wes Burns,2,44.880405,0.84033453
Marnon Busch,0,-20.138763,-5.1047072
Gianluca Busio,0,-42.193913,18.824827
Aurélio Buta,2,45.904507,-10.044342
Jean Butez,0,-6.944533,23.653477
Nathan Butler-Oyedeji,2,45.067165,-6.04632
Marcin Bułka,2,33.979107,-17.374903
Pau Cabanes,0,-33.365993,15.909138
Pau Cabanes,0,-37.900185,17.714468
Rémy Cabella,0,-23.8603,-19.030607
Leandro Cabrera,0,-25.318497,3.0515504
Liberato Cacace,2,30.201254,6.3153305
Alessio Cacciamani,1,-26.894928,-22.435957
Anthony Caci,2,47.71883,13.069885
Mathieu Cafaro,0,-3.6131723,41.97737
Moisés Caicedo,0,-6.612312,38.7574
Tom Cairney,2,53.22399,-1.5835997
Jens Cajuste,2,54.51062,11.037824
Davide Calabria,1,-29.39492,-20.546669
Davide Calabria,0,-18.166027,22.869522
Riccardo Calafiori,1,25.920977,-24.677807
Luca Caldirola,2,42.44055,13.976333
Fernando Calero,0,-37.95499,4.4820614
Duje Ćaleta-Car,0,12.323269,18.226841
Hakan Çalhanoğlu,1,-36.182117,-27.4792
Dominic Calvert-Lewin,0,14.862894,34.80206
Drissa Camara,2,39.79242,-7.5068517
Issiaga Camara,0,16.146132,35.042953
Lamine Camara,1,25.973804,-5.12146
Mahdi Camara,0,-17.096027,-3.5182385
Ousmane Camara,1,-29.731844,-25.34895
Francesco Camarda,0,-23.492598,5.0407095
Eduardo Camavinga,0,-23.866486,14.152716
Nicolò Cambiaghi,2,22.029879,5.66408
Andrea Cambiaso,2,50.32588,-1.4086913
Axel Camblan,0,16.469978,23.32354
Sergio Camello,1,10.995801,6.4496565
José Campaña,0,3.601728,37.572014
Thomas Campaniello,0,3.280366,34.827065
Cole Campbell,0,-38.394276,-13.17044
Emre Can,1,19.253788,-28.128283
Peio Canales,2,36.902172,-6.6890774
Matteo Cancellieri,0,1.2726117,14.056382
Fali Candé,0,-29.599981,-20.377934
Antonio Candela,0,11.118529,28.002647
Antonio Candela,0,-43.311825,3.755056
Sergi Canós,2,31.882442,11.336892
Jaydee Canvot,1,26.820953,-8.523703
Pierrick Capelle,0,-37.008892,13.0622
Gianluca Caprari,0,-34.865925,2.345678
Elia Caprile,0,-5.327095,29.491861
Elia Caprile,0,-24.412392,-14.188933
Gabin Capuano,1,-18.667088,-23.333826
Francesco Caputo,2,39.186123,-9.820385
Maxence Caqueret,1,23.72212,-25.975742
Maxence Caqueret,1,-28.631544,-34.066242
Simon Cara,1,-9.683589,-19.006655
Andrea Carboni,2,36.32607,-4.090837
Franco Carboni,0,12.184191,18.925474
Valentin Carboni,0,-36.560688,-12.505624
Dani Cárdenas,1,1.7972525,-29.910006
Irvin Cardona,0,6.939071,9.407804
Irvin Cardona,1,21.334173,-4.467701
Marc Cardona,0,-8.692964,6.0037403
Sergi Cardona,0,-33.111675,-15.796082
Johnny Cardoso,1,16.185904,0.17709346
Tiago Cardoso,0,-33.884132,7.2597656
Patrik Carlgren,2,44.399246,-8.433983
Diego Carlos,1,-25.936893,-37.519367
José Carlos González,1,9.7858715,-6.165991
Carmona,1,-33.130554,-24.26861
Marco Carnesecchi,0,-26.972822,5.05383
Sergio Carreira,1,13.534431,-2.1088662
Dani Carvajal,0,-3.5564523,39.449112
Fabio Carvalho,0,4.897362,35.981613
William Carvalho,2,51.5083,12.704532
Cesare Casadei,1,-9.176103,-10.591522
Marc Casado,0,-21.54515,18.096752
Nicolò Casale,0,-43.599873,19.76277
Nicolò Casale,0,-26.91487,-13.812855
Casemiro,2,45.53349,-1.6436499
Kaelan Casey,1,6.9278054,-10.218724
Matty Cash,2,34.30455,13.869199
Eiran Cashin,0,-15.392602,20.387886
Josué Casimir,0,-16.812498,-19.160126
Federico Cassa,0,10.649771,38.88576
Cristian Cásseres Jr.,0,16.809391,11.727595
Timothy Castagne,2,47.363323,15.399606
Valentín Castellanos,0,-31.476334,13.05987
Jean-Charles Castelletto,2,32.42298,5.659081
Santiago Castro,1,25.899681,-23.218157
Gaetano Castrovilli,1,29.641663,-16.182451
Gaetano Castrovilli,0,17.28968,14.44369
Danilo Cataldi,1,12.936509,-14.046845
Catena,1,9.665585,-26.233686
Maximiliano Caufriez,0,14.876311,17.505932
Enzo Caumont,0,-4.9947133,26.624702
Dani Ceballos,2,55.003937,5.6381297
Abdoulie Ceesay,0,12.495116,2.9531221
Zeki Çelik,0,-30.693583,16.599972
Fabien Centonze,0,1.5179962,30.16496
Alberto Cerri,1,-9.65674,-26.100988
Franco Cervi,2,39.946716,-3.9410717
Julian Chabot,1,2.2469172,-23.855726
El Chadaille Bitshiabu,0,8.30224,31.97315
Fares Chaïbi,0,-45.939274,7.23776
Trevoh Chalobah,1,-25.46326,-21.146254
Trevoh Chalobah,1,10.446527,8.395541
Timothy Chandler,2,44.900173,6.4585605
Conor Chaplin,2,55.651775,10.629548
Brendan Chardonnet,0,-10.355011,-9.771846
Gabriel Charpentier,0,8.199765,24.511765
Raúl Chasco,0,-28.715641,1.517909
Anrie Chase,0,-2.5779173,10.650431
Pep Chavarría,0,-41.075024,7.626708
Arthur Chaves,0,-13.262262,-5.3823366
Jhoanner Chávez,2,36.530453,13.257681
Walid Cheddira,0,16.43044,37.741337
Walid Cheddira,1,-0.40078357,-11.766488
Chema,0,-47.295643,-20.315126
Théo Chennahi,1,19.036266,-20.551502
Sidiki Cherif,2,50.771893,12.77444
Rayan Cherki,0,-1.1885062,13.778566
Youssef Chermiti,2,46.263195,-11.536668
Lucas Chevalier,2,38.289974,0.48604745
Fabio Chiarodia,0,-0.43071204,29.548199
Julián Chicco,1,23.618301,-6.4926896
Leandro Chichizola,1,-33.347786,-32.824368
Federico Chiesa,0,-11.932786,19.927261
Ben Chilwell,0,-29.957777,5.268038
Chiquinho,0,10.084946,23.912819
Chiquinho,0,-2.6620638,20.225405
Pedro Chirivella,0,-15.401513,3.9468496
Joris Chotard,0,12.653046,11.422689
Hamza Choudhury,0,-3.544068,19.947401
Andreas Christensen,0,11.408557,26.702404
Ryan Christie,1,4.9541926,-12.3982315
Carney Chukwuemeka,0,-17.859312,17.038185
Samuel Chukwueze,0,-0.25434116,17.144678
Aaron Ciammaglichella,2,48.84677,-9.363577
Jasper Cillessen,0,-34.52657,-2.4945629
Giuseppe Ciocci,1,21.161589,-19.685383
Alessandro Circati,2,43.207108,-12.413192
Pathé Ciss,0,6.550716,38.134754
Alphadjo Cissè,0,15.382123,14.028113
Djaoui Cissé,0,-8.801421,9.948254
Seydouba Cissé,0,-2.7798502,38.04813
Yoann Cissé,1,8.785812,-27.858843
Patrick Ciurria,2,34.084732,5.8434114
Harry Clarke,2,36.89489,-1.917242
Jack Clarke,0,11.989489,24.048626
Alexis Claude-Maurice,0,-42.63734,3.3836343
Jonathan Clauss,1,23.446651,-13.489935
Silvi Clúa,1,0.9276141,-22.46169
Nathaniel Clyne,0,-19.167467,22.881582
Conor Coady,1,20.532785,-0.6280429
Marcus Coco,0,-37.939804,15.799878
Saúl Coco,1,8.702612,-22.230804
Séamus Coleman,0,-24.388113,-18.470829
Nathan Collins,0,-17.014673,-3.038036
Nnamdi Collins,1,19.285446,-0.4394316
Toby Collyer,0,-21.41034,22.502193
Lorenzo Colombo,0,8.530101,37.326374
Andrea Colpani,1,6.2511597,-31.300842
Levi Colwill,0,-36.297237,21.299809
Florinel Coman,1,18.525555,-18.142878
Kingsley Coman,1,-35.78977,-32.89451
Eray Cömert,0,-47.44063,-24.086674
Santi Comesaña,2,38.4131,-2.2551272
Pietro Comuzzo,2,40.74126,1.3161273
Francisco Conceição,2,35.579723,-3.7966127
Diego Conde,0,26.651272,8.07652
Tomás Conechny,0,-0.2468467,27.508118
Alois Confais,0,6.656652,16.862392
Sirlord Conteh,0,-38.574074,-26.669855
Lewis Cook,0,18.65433,26.028307
Copete,2,45.255894,2.7924187
Diego Coppola,1,5.4335084,-19.18649
Francis Coquelin,1,5.928734,-6.8006988
Iker Córdoba,1,14.057102,-5.712794
Derek Cornelius,1,19.059313,-29.365236
Maxwel Cornet,1,4.1102276,-31.608816
Maxwel Cornet,0,-32.84953,11.471907
Pierre Cornud,1,6.3596168,-4.4277496
Ángel Correa,2,41.690643,-3.6045628
Joaquín Correa,0,2.588691,0.2837845
Thierry Correia,1,14.762028,-24.540884
Alberto costa,1,22.864445,-11.026365
Coba da Costa,0,-9.776971,16.066992
Danny da Costa,2,41.70593,-0.576309
David Costa,0,-10.458703,-5.8269978
Logan Costa,0,-25.771149,-7.788453
Logan Costa,0,-25.805439,-19.182821
Samu Costa,0,-7.3789587,6.835535
Grégoire Coudert,0,-34.52618,-14.973952
Vladimír Coufal,2,37.62699,-1.3247694
Lassana Coulibaly,0,-5.8118677,-7.960034
Lasso Coulibaly,0,-17.970888,18.017727
Mamadou Coulibaly,0,-0.1998529,-17.534481
Soumaïla Coulibaly,0,-16.29617,-12.425073
Tanguy Coulibaly,0,-15.548579,-6.6991224
Woyo Coulibaly,0,-21.645031,-14.74878
Woyo Coulibaly,0,-42.385494,20.700579
Marius Courcoul,1,23.836805,-27.028355
Thibaut Courtois,2,42.823685,-10.983657
Yan Couto,0,-37.912674,4.732669
Nicolas Cozza,0,11.4313345,2.297547
Aaron Cresswell,1,29.13189,-4.1812415
Charlie Cresswell,1,-19.738173,-23.751482
Bryan Cristante,0,-7.628462,7.5084453
Domen Črnigoj,1,-18.301342,-32.376892
Juan Cruz Armada,0,8.733826,38.90524
Juan Cruz,0,-0.49606866,5.492083
Juan Cuadrado,1,-32.978752,-27.501017
Pau Cubarsí,2,37.32638,0.4649309
Cucho,2,35.518234,7.264496
Marc Cucurella,1,-18.05793,-30.95255
Jorge Cuenca,1,-23.98415,-20.417387
Matheus Cunha,1,20.118078,3.4961925
Patrick Cutrone,0,-10.715233,10.664816
Tomáš Čvančara,0,-14.074844,19.918884
Wylan Cyprien,1,18.741772,-15.931436
Danilo D'Ambrosio,0,-4.6227455,19.264074
Lucas Da Cunha,1,-25.0961,-35.05195
Samuel Dahl,0,3.7531974,35.95378
Finn Dahmen,0,-16.272518,20.714949
Thomas Dähne,0,-36.736423,6.6765
Mahmoud Dahoud,0,-18.038532,17.495766
Patson Daka,0,-38.959846,7.3046875
Ameen Al-Dakhil,1,29.081232,-28.385365
Thijs Dallinga,0,-5.7109537,32.804157
Diogo Dalot,0,-39.757614,18.217133
Mikkel Damsgaard,0,15.143794,7.485272
Maat Daniel Caprini,0,-3.4335017,27.20481
Flavius Daniliuc,0,-13.319355,-5.730973
Danilo,2,44.5067,-5.510041
Danilo,0,7.4435205,-2.9116116
Arnaut Danjuma,1,-9.314249,-6.457401
Arnaut Danjuma,1,16.188885,-21.13957
Jayden Danns,1,17.894829,-0.14980832
Kévin Danois,2,43.986427,10.677201
Kevin Danso,0,10.0091095,35.44864
Kevin Danso,1,-26.5252,-37.11983
Dante,1,-20.636156,-20.462402
Pape Daouda Diongue,0,-34.803,12.918508
Mohamed Daramy,0,-9.643153,-11.675812
Bence Dárdai,1,19.893694,-18.78496
Sergi Darder,0,-44.659874,3.6913667
Matteo Darmian,0,15.342333,18.045979
Lukas Daschner,0,-32.09728,-19.819778
Juan David Cabal,2,52.26913,-1.1947811
Jonathan David,0,-5.5548244,38.710297
Alphonso Davies,2,43.809494,-10.891827
Ben Davies,2,45.356167,-11.914864
Keinan Davis,0,-22.648624,18.858492
Leif Davis,0,-26.002945,14.701498
Zuriko Davitashvili,2,41.414097,-7.1855845
Paweł Dawidowicz,1,33.40187,-16.288588
Craig Dawson,0,6.980446,21.680735
Kevin De Bruyne,0,13.826636,34.460682
Bobby De Cordova-Reid,0,0.81605977,22.310858
Charles De Ketelaere,1,-30.619019,-20.758356
Rodrigo De Paul,1,8.236807,-17.692019
Théo De Percin,0,14.776489,15.528005
Mattia De Sciglio,1,-30.98968,-34.877853
Lorenzo De Silvestri,1,29.381405,-18.109644
Thibault De Smet,1,15.133853,-13.877985
Koni De Winter,1,20.630178,2.7901423
Amar Dedić,2,46.835213,1.8516344
Alessandro Deiola,0,-7.204711,-2.7531726
Romain Del Castillo,1,15.250017,-9.330535
Enrico Del Prato,2,37.50261,15.045854
Thomas Delaine,1,10.373307,-30.212883
Liam Delap,2,34.139095,-20.163921
Fisayo Dele-Bashiru,2,55.75277,9.1770315
Andy Delort,2,32.01633,6.6566734
Olivier Deman,0,-16.621872,21.38268
Ali Dembélé,1,27.844582,-11.7834
Ousmane Dembélé,1,1.6099093,-17.505537
Ermedin Demirović,0,12.675654,2.916113
Sepp van den Berg,2,44.624653,18.28726
Rémy Descamps,1,7.7538304,-18.766098
Arthur Desmas,1,27.545202,-21.43167
Justin Devenny,0,15.297115,32.45775
Kiernan Dewsbury-Hall,1,20.300903,-15.566108
Michele Di Gregorio,1,13.361517,-7.0318527
Giovanni Di Lorenzo,0,-1.844591,27.990532
Boulaye Dia,2,56.024788,9.9630575
Mouctar Diakhaby,0,-11.8881855,-7.7516875
Mamadou Diakhon,2,32.906464,4.228723
Bafodé Diakité,0,5.7787356,32.922653
Oumar Diakité,0,-17.784546,0.028769987
Amad Diallo,1,-7.5229363,-11.781367
Assane Diao,0,-14.896915,-7.3538694
Assane Diao,0,-7.1737704,26.287838
Habib Diarra,2,32.676876,-19.546803
Moussa Diarra,1,23.166592,-16.378475
Rúben Dias,0,-45.9785,-24.06824
Krépin Diatta,1,15.7778845,-28.768536
Kandet Diawara,0,-15.424282,-9.283181
Mahamadou Diawara,0,7.843322,21.39619
Mahamadou Diawara,0,16.036898,39.058743
Brahim Díaz,1,26.586079,-2.6743472
Daniel Díaz,0,5.972447,31.925344
Luis Díaz,1,-35.796608,-27.542585
Pedro Díaz,1,-6.186036,-9.427807
Tyler Dibling,2,47.191463,14.285161
Diego,1,-20.028568,-37.599083
Justin Diehl,0,-37.441746,18.887257
Bamba Dieng,1,6.7186394,-10.737732
Eric Dier,0,-25.517729,-7.3288994
Lucas Digne,0,-24.470118,3.5298982
Kembo Diliwidi,2,41.29803,-8.973704
Federico Dimarco,1,-9.602946,-18.855383
Stole Dimitrievski,0,-43.690804,6.4760065
Junior Dina Ebimbe,0,-36.236195,-1.4589415
Eren Dinkçi,1,27.227654,-21.498766
Sinaly Diomande,0,3.7894852,6.547654
Yan Diomandé,0,-47.409283,-24.570147
Lois Diony,1,15.889306,-11.027355
Issa Diop,0,-44.01953,20.742727
Sérigné Diop,2,45.61457,-6.7994113
Sofiane Diop,0,-30.365255,-15.371691
Andy Diouf,1,13.1670685,-32.201126
Yehvann Diouf,0,-20.698858,24.719015
Assane Dioussé,1,15.440093,-19.071379
Axel Disasi,0,10.772074,1.7374003
Axel Disasi,0,-4.252394,31.05833
Roman Dixon,2,40.886497,14.110124
Álvaro djaló,1,12.354947,-25.53998
Djené,0,-46.45282,-21.148235
Nasser Djiga,0,21.828497,14.171402
Berat Djimsiti,2,38.41738,15.025683
Marko Dmitrović,2,41.762756,3.1249006
Ritsu Doan,0,-13.310464,-8.601751
Dodô,0,-7.1110816,3.6842072
Danilho Doekhi,0,11.073101,9.676379
Matt Doherty,2,32.384876,2.6495621
Jeremy Doku,0,17.22133,14.880746
Marc Domenech,2,35.588818,-2.986437
Álex Domínguez,1,4.3629966,-14.574527
Benjamín Domínguez,1,-25.815073,-30.813284
Carlos Dominguez,0,-34.544315,-3.3051217
Israel Domínguez,1,29.33527,-3.9257765
Nicolás Domínguez,0,-14.967501,23.7796
Sergi Dominguez,1,28.684935,-16.597698
Gianluigi Donnarumma,0,-27.836485,3.3369122
Patrick Dorgu,0,12.344683,36.954273
Patrick Dorgu,0,-12.426201,6.2943063
Alfie Dorrington,1,-19.20435,-21.703016
Niklas Dorsch,1,15.748245,-31.140636
Niklas Dorsch,2,47.37103,13.831751
Alberto Dossena,0,-38.169662,-3.8459687
Abdoulaye Doucouré,0,6.0561075,32.454845
Cheick Doucouré,0,3.6503289,30.821548
Sékou Doucoure,0,3.2842755,32.496784
Désiré Doué,0,-13.179413,16.818165
Guela Doué,0,-21.661028,2.392347
Douglas,1,19.629908,-24.10813
Ismaël Doukouré,2,56.098415,7.1913223
Issa Doumbia,2,37.492973,0.048706427
Kamory Doumbia,2,45.0761,-13.336365
Amidou Doumbouya,0,-14.0393305,1.135412
Anastasios Douvikas,1,-22.917425,-31.754002
Anastasios Douvikas,1,-27.264803,-29.074041
Artem Dovbyk,2,42.097706,-6.7832985
Flynn Downes,0,-32.1385,-15.743043
Tommy Doyle,2,47.555473,-7.8954706
Radu Drăgușin,1,-31.064257,-19.72936
Patrick Drewes,2,50.457756,10.477991
Tim Drexler,0,-31.518967,-4.014665
Domingos Duarte,2,22.043245,-10.54721
Martin Dúbravka,1,-7.220472,-9.101928
Marvin Ducksch,0,-6.0846953,6.612945
Ondrej Duda,0,-39.869705,13.166244
Duk,1,-3.0756168,-17.581696
Denzel Dumfries,0,7.433714,22.898233
Alfred Duncan,1,2.3451495,-11.868745
Lewis Dunk,0,-37.39489,-10.077358
Jáder Durán,0,-36.84613,-1.3135887
Pablo Durán,0,-18.745876,22.922138
Julien Duranville,0,-13.210057,21.8542
Hugo Duro,0,-27.555328,-15.603306
Jean-Kevin Duverne,0,7.67565,35.29876
Paulo Dybala,0,-42.953274,4.1968913
Stefan Džodić,0,7.419385,6.804292
Adam Dźwigała,2,49.35845,11.216594
Aron Dønnum,2,44.70923,2.3870413
Enzo Ebosse,0,-29.554073,15.531982
Tyronne Ebuehi,1,15.736598,-10.458324
Claudio Echeverri,1,26.411892,-1.7581751
Ederson,0,-1.6032746,15.612843
Éderson,0,-40.03769,7.9667525
Noah Edjouma,0,-14.257296,-6.553973
George Edmundson,2,48.110443,8.399741
Odsonne Édouard,1,1.3350811,-21.831375
Odsonne Édouard,1,22.09425,3.4704974
Samuel Edozie,0,2.7078474,-4.1880636
Ronnie Edwards,0,6.869103,-3.8249447
Johannes Eggestein,0,-37.57348,15.185292
Maximilian Eggestein,2,43.71597,16.27979
Kingsley Ehizibue,0,1.4275221,15.651176
Chidera Ejuke,0,-2.5356033,39.16284
Jeff Ekhator,0,1.2176626,36.5632
Hugo Ekitike,0,-41.82804,7.208844
Jurgen Ekkelenkamp,1,-32.649143,-36.22151
Jacques Ekomie,0,-34.44279,-21.044386
Emmanuel Ekong,2,46.485493,9.146355
Caleb Ekuban,2,47.733055,-4.897018
Pierre Ekwah Elimby,0,-1.8898476,13.346705
Anthony Elanga,0,-7.5258045,21.004868
Meschak Elia,0,-19.814114,-4.44688
Mikael Ellertsson,1,13.004529,-27.712202
Harvey Elliott,0,-33.908665,14.045089
Elif Elmas,0,-47.320026,-25.5171
Elif Elmas,0,-15.352041,21.932795
Aritz Elustondo,0,-2.4010558,3.7730238
Nico Elvedi,0,-6.371187,26.280767
Adri Embarba,2,54.77146,10.34242
Breel Embolo,1,-22.547192,-24.327461
Emanuel Emegha,0,-5.133897,0.98299074
Emerson,0,-13.488892,3.7496595
Yunus Emre Konak,0,-12.008959,-11.371884
Julio Enciso,0,-23.334948,15.161645
Julio Enciso,1,5.69278,-19.484594
Wataru Endo,0,-47.290497,-22.907196
Endrick,0,1.9192615,12.229049
Yannik Engelhardt,0,2.4912314,-4.8002286
Arne Engels,2,55.541725,7.1639194
Christian Eriksen,2,44.11806,-13.639794
Martin Erlic,0,1.6916857,24.14642
Patrick Erras,1,8.7990885,-10.435226
Alfonso Espino,0,-5.986466,39.29859
Sebastiano Esposito,1,6.9117007,-23.218704
Romain Esse,0,-6.1408505,22.7881
Samuel Essende,0,-18.093475,24.19941
Dario Essugo,2,57.005566,9.974603
Estanis,0,-42.077457,21.47069
Nahuel Estévez,1,10.720541,-18.000134
Pervis Estupiñán,1,-23.167719,-21.336868
Etienne Eto'o,0,-15.541923,-2.3942354
Karl Etta,0,-41.498802,20.004911
Evanilson,0,-27.67673,4.97274
Jake Evans,1,-33.860413,-30.748201
Jonny Evans,0,-31.61785,17.296467
Edu Expósito,1,24.512724,-26.521322
Eberechi Eze,1,25.765684,-12.448681
Abde Ezzalzouli,0,1.306533,21.92988
Giovanni Fabbian,1,2.0686502,-29.372349
Łukasz Fabiański,0,-41.609623,22.642885
Alieu Fadera,0,-46.709957,-23.296526
Wout Faes,0,-34.444042,-18.972885
Nicolò Fagioli,2,48.387714,15.165371
Nicolò Fagioli,1,-30.892101,-32.738674
Romain Faivre,2,36.031063,-17.954159
Wladimiro Falcone,2,42.10475,17.00423
Davide Faraoni,1,-35.2715,-32.550873
Abdul Fatawu Issahaku,0,-40.40542,0.75838983
Ansu Fati,2,52.305225,8.309313
Khalil Fayad,0,-34.03261,-22.71058
Jacopo Fazzini,2,47.086334,2.2381673
Nabil Fekir,2,24.818993,-0.87942135
Mattia Felici,0,-8.961349,-3.5862508
Luiz Felipe,1,-23.897493,-22.202396
João Félix,0,-21.741049,16.206482
João Félix,0,8.030772,8.700893
Frank Feller,1,-25.546087,-36.181347
Kiko Femenía,0,5.5724916,39.33112
Evan Ferguson,1,-1.9361209,-4.2084928
Evan Ferguson,1,-4.030608,-17.882294
Lewis Ferguson,0,14.819858,36.116306
Zinedine Ferhat,0,-44.537296,-23.338215
Bruno Fernandes,0,-5.5380163,37.48893
Edimilson Fernandes,1,-25.312422,-24.846024
Mateus Fernandes,1,-24.325304,-27.773914
Aitor Fernández,0,-8.116004,-2.3427832
Álvaro Fernández,0,-28.688435,5.859416
Enzo Fernández,1,17.180166,-7.1915574
Pelayo Fernandez,0,-23.775135,-19.837664
Roberto Férnandez,1,18.847466,2.6478946
Valery Fernández,0,-41.02065,9.695289
Matias Fernandez-Pardo,0,-4.9742284,25.693542
André Ferreira,0,7.5711603,27.231344
Jordan Ferri,0,-20.23657,4.8321414
Daniel Fila,1,-21.806726,-28.683826
Karol Fila,1,19.930466,-19.601051
Kilian Fischer,0,-35.14718,9.566278
Mark Flekken,1,29.697285,-13.795757
Alessandro Florenzi,0,8.786725,40.117554
Mateo Flores,1,6.0195317,-27.717478
Phil Foden,2,49.144188,2.930223
Malick Fofana,0,-4.400462,7.003472
Rayan Fofana,0,-7.0733986,5.8283186
Seko Fofana,1,-28.139708,-25.444595
Wesley Fofana,1,16.849323,-19.41325
Yahia Fofana,0,-34.985794,-16.779747
Youssouf Fofana,2,49.88072,10.257906
Jonas Föhrenbach,1,-5.749758,-21.025766
Michael Folorunsho,2,36.958103,-3.8891473
Michael Folorunsho,2,39.37886,0.32560062
Lamine Fomba,2,42.449463,-6.899342
Carlos Forbs,0,-16.949507,7.0601573
Pablo Fornals,1,-26.948006,-32.400364
Omari Forson,0,-34.31703,-0.37077028
Fraser Forster,2,28.128489,7.004705
Héctor Fort,2,29.55884,8.52879
Dimitri Foulquier,1,17.561771,-25.77589
Juan Foyth,0,-2.7709484,36.140396
Fran,2,49.130024,10.644407
Matheus França,2,55.242435,9.593698
Alejandro Francés,1,-28.38104,-35.789333
Przemysław Frankowski,0,-37.89315,0.34744892
Enric Franquesa,1,26.685488,-9.053326
Ryan Fraser,0,-20.488508,4.2802324
Davide Frattesi,1,22.707014,-19.058062
Tyler Fredricson,0,-16.446049,11.32138
Morten Frendrup,0,15.023812,38.496666
Martin Frese,1,8.9551735,-6.3796215
Remo Freuler,0,1.4168874,40.89799
Marco Friedl,0,-36.06961,21.221449
Marvin Friedrich,0,-33.456615,-0.24870542
Jeremie Frimpong,1,4.5901475,-18.022448
Jorge de Frutos,1,4.1534696,11.562212
Darío Fuentes,1,8.999699,5.619652
Chris Führich,0,-33.451656,-15.121771
Shiō Fukuda,0,-25.31336,-17.95177
Angelo Fulgini,2,46.356377,-6.091533
Niclas Füllkrug,1,5.125487,-6.2987733
Kyogo Furuhashi,1,-22.849876,-33.20815
Manuel Fuster,1,-28.271544,-36.381485
Matteo Gabbia,0,-40.18205,21.56954
Tommaso Gabellini,1,-29.652283,-31.89762
Tiago Gabriel,0,-26.649416,11.678322
Alessandro Gabrielloni,1,16.322948,0.74554724
Gianluca Gaetano,0,-6.6310515,-3.137517
Roberto Gagliardini,1,-37.724842,-27.326252
Cody Gakpo,0,-48.313755,-24.0632
Javi Galán,0,14.242393,38.90403
Iñigo Ruiz de Galarreta,1,-0.7712878,-9.411669
Conor Gallagher,1,-16.533758,-27.63756
Antonino Gallo,0,-15.903212,18.469707
Gauthier Gallon,2,57.516033,9.429559
Cristian Gamboa,1,28.052736,-1.7505943
Idrissa Gana Gueye,0,1.720256,-0.3477981
Ignatius Ganago,1,24.499836,-23.396059
Silvère Ganvoula M'Boussy,0,-11.363594,10.475181
Facundo Garcés,1,-22.39872,-23.249945
Aleix García,0,-24.897707,-19.843416
Álvaro García,0,-39.60168,7.6308
Andrés García,0,5.5977893,11.486373
Eric García,0,-15.8457155,5.777229
Fran Garcia,2,36.64622,1.6002357
Gonzalo García,0,-28.117304,13.711446
Joan García,0,-2.2828212,21.724499
Pablo Garcia,1,14.906005,-25.54059
Rubén García,1,-32.28184,-30.96877
Ulisses Garcia,1,19.846237,-21.450241
Unai García,1,-27.455437,-35.38578
Alejandro Garnacho,2,33.544647,6.449404
James Garner,1,0.4613491,-6.5064583
Yarek Gasiorowski,1,19.188528,-18.032848
Federico Gatti,0,-14.353002,16.982822
Gavi,0,-35.906757,14.144331
Paulo Gazzaniga,0,-29.341625,13.662218
Jean-Philippe Gbamin,2,49.97098,-2.5400138
Mory Gbane,1,-29.080164,-25.263636
Yann Gboho,2,41.688595,0.86273414
David de Gea,0,11.893287,26.42881
Viggo Gebel,2,33.34836,7.224377
Lutsharel Geertruida,1,-7.4637527,-12.272914
Dennis Geiger,0,4.3516846,-4.431997
Valentin Gendrey,0,-19.123142,9.124962
Valentin Gendrey,0,-11.642474,14.551387
Denis Genreau,1,18.972275,-1.5556681
Tyrique George,0,-9.73467,-8.661817
Yannick Gerhardt,2,46.47747,16.431917
Max Geschwill,1,-24.791195,-27.516668
Daniele Ghilardi,1,10.7188225,-25.95098
Lautaro Gianetti,0,-44.35647,19.312284
Dimitris Giannoulis,0,-21.937046,19.561943
Morgan Gibbs-White,2,50.730713,9.684192
Samuel Gigot,0,-32.55801,-13.955475
Armin Gigovic,2,48.68129,-0.014185546
Bryan Gil,1,3.480978,-12.541351
Mario Gila,1,-19.036442,-22.363298
Billy Gilmour,1,26.900558,0.11764599
Billy Gilmour,0,-2.3947918,13.100686
Benedikt Gimber,1,-17.224016,-32.327457
Santiago Giménez,0,5.341623,7.128082
Gvidas Gineitis,1,26.642963,-17.284513
Matthias Ginter,1,15.1997795,0.3501704
Jamie Gittens,2,42.81925,13.25179
Serge Gnabry,0,-2.7806165,26.381939
Ben Godfrey,0,-19.065163,11.886257
Ben Godfrey,2,36.217297,5.6697707
Martial Godo,2,47.86513,0.37236795
Saba Goglichidze,1,18.817537,-29.116962
Edoardo Goldaniga,1,-34.582664,-27.157688
Michael Golding,0,-8.072012,-1.2380675
Pierluigi Gollini,0,-42.463852,15.767201
Aleksandr Golovin,0,-11.086891,-11.043069
André Gomes,0,13.239571,37.538006
Angel Gomes,0,-23.683771,-17.857307
João Gomes,0,8.773168,23.455025
Rodrigo Gomes,1,-27.018345,-34.639183
Toti Gomes,0,-10.41252,-2.36077
Carlos Gómez,1,20.700743,-20.710032
Dani Gómez,0,-31.49121,14.002656
Diego Gómez,0,-13.146288,-1.6610957
Joe Gomez,0,-49.55693,-22.769896
Moi Gómez,0,-34.95426,0.28665507
Sergi Gómez,0,11.914067,35.687237
Sergio Gómez,0,-12.7637415,-7.120815
Unai Gómez,0,6.6158957,35.654026
Tidiam Gomis,0,-31.58956,15.638284
Fabio González,2,32.936684,3.7420459
Nicolás González,1,-18.930923,-23.14337
Nicolás González,0,-42.020332,14.178586
Peter González,0,-36.936897,-16.21288
Urko González,1,13.471451,-0.57749385
Urko González,0,-33.375023,1.587152
Anthony Gordon,0,-1.1116675,10.713318
Leon Goretzka,0,-41.543655,22.314074
Mathieu Gorgelin,0,-4.712147,33.44919
Andoni Gorosabel,0,-38.90499,7.87422
Robin Gosens,1,1.5389357,-17.01926
Robin Gosens,0,-42.557865,-26.685152
Mario Götze,0,-44.556812,20.842762
Amine Gouiri,0,-30.346098,-17.15236
Amine Gouiri,0,-21.771692,-0.6562509
Lucas Gourna-Douath,0,-12.629468,3.9549935
Jeffrey Gouweleeuw,0,24.15061,10.347668
Kamil Grabara,1,-20.004492,-20.626484
Jonathan Gradit,1,9.724336,-29.982712
José Gragera,2,42.410625,12.382897
Samuel Grandsir,2,48.424793,4.3364205
Alberto Grassi,0,-30.58466,-25.027395
Ryan Gravenberch,1,28.296358,-29.03149
Archie Gray,0,5.3402686,11.772237
Jack Grealish,0,-9.862935,12.980569
Jacob Greaves,1,10.881232,-8.822379
Mason Greenwood,0,-43.745186,7.44552
Michael Gregoritsch,0,-34.49382,4.51351
Dominik Greif,0,-8.060113,-4.553088
Antoine Griezmann,2,42.16604,-1.0223727
Vincenzo Grifo,1,13.827116,-15.625772
Florian Grillitsch,1,-31.32265,-26.319347
Florian Grillitsch,2,53.12078,9.386162
Álex Grimaldo,1,-35.34163,-24.79579
Pascal Groß,0,1.0025601,41.75144
Brajan Gruda,1,8.342497,0.62281936
Marco Grüll,0,-16.498344,-10.834637
Albert Grønbaek,0,-32.69975,-15.496581
Albert Grønbaek,0,-26.794483,-16.794022
Vicente Guaita,0,-12.165329,-5.372418
Sergi Guardiola,0,9.992476,32.23785
Nemanja Gudelj,0,-41.550888,20.721766
Gabriel Gudmundsson,0,-36.159817,11.983421
Gonçalo Guedes,1,-18.969925,-27.572996
Axel Gueguin,0,-4.481504,38.43608
Marc Guéhi,1,14.833231,-7.584448
Mattéo Guendouzi,2,53.57457,10.531012
Javier Guerra,1,0.55110675,-5.9289403
Raphaël Guerreiro,1,-27.834488,-32.115692
Evann Guessand,0,-0.6181154,15.233486
Ander Guevara,0,-30.467012,-0.9480054
Pape Gueye,1,4.2407336,-9.483952
Morgan Guilavogui,0,14.54458,33.331818
Frederic Guilbert,1,28.635546,-3.8526068
Luis Guilherme,1,-28.079956,-20.207724
Hugo Guillamón,0,-22.19638,-9.594403
Bruno Guimarães,0,5.237001,36.676746
Carlos Guirao,0,15.543032,22.92849
Bahereba Guirassy,1,12.271623,-30.10717
Serhou Guirassy,0,-23.143785,6.6259656
Marc Guiu,0,-12.561419,16.02518
Péter Gulácsi,2,53.129635,-0.98642504
Arda Güler,2,50.789204,-3.2058694
Gerard Gumbau,0,-5.415507,19.218311
Robert Gumny,0,21.659569,14.125814
İlkay Gündoğan,1,18.91392,-0.31444207
Christian Günter,0,-39.869446,-27.669819
Jon Guridi,1,18.817026,0.97653127
Gorka Guruzeta,1,-27.025475,-20.76968
Malo Gusto,2,30.331736,7.151926
Miguel Gutiérrez,2,39.805668,10.113051
Albert Guðmundsson,0,-36.95805,-11.130555
Joško Gvardiol,1,14.259094,-16.492605
Emmanuel Gyasi,0,0.7473354,29.151026
Christian Gytkjær,1,27.243763,-1.0019126
Erling Haaland,0,-31.678547,3.3992565
Nicolas Haas,1,27.108374,-12.286659
Janik Haberer,0,15.106033,6.0489902
Robin Hack,0,-18.297136,6.4382544
Saad El Haddad,0,-34.86001,3.745352
Munir El Haddadi,0,-36.752174,14.367337
Amadou Haidara,1,12.506068,-29.620926
Massadio Haïdara,2,37.310326,13.085755
Antoine Hainaut,1,26.856636,-5.5012145
Mohamed Haj,0,-16.562891,23.507198
Achraf Hakimi,0,-0.09031745,24.438852
Lewis Hall,0,-43.12943,20.009771
Sébastien Haller,1,13.447601,-18.410482
Ali Al Hamadi,0,6.379799,13.236589
Andreas Hanche-Olsen,0,5.3526835,16.541714
Florent Hanin,2,47.6929,10.43441
Ridgeciano Haps,1,-32.89708,-36.302876
Amine Harit,0,-33.30582,0.8047924
Marcus Harness,1,25.794226,-15.724775
Phil Harres,0,-2.7242887,28.08753
Jack Harrison,2,38.10743,9.439506
Abdou Harroui,1,-28.377508,-25.961853
Taylor Harwood-Bellis,1,-20.960135,-32.806404
Hans Hateboer,2,44.368305,1.0702825
Kjetil Haug,0,-37.41414,17.689169
Kai Havertz,0,-38.942997,-0.26581952
Ayden Heaven,1,31.219736,-20.323019
Jan Paul van Hecke,2,39.44147,-2.679851
Hwang Hee-chan,0,1.4263893,36.81831
Dean Henderson,0,0.0492087,29.761013
Liam Henderson,1,29.998728,-22.11103
Ramon Hendriks,0,15.099925,5.8175793
Paul Hennrich,1,25.735306,-29.875757
Benjamin Henrichs,2,48.234882,-0.8751861
Henrique,1,26.764069,-27.132704
Luis Henrique,0,-5.0121493,30.093493
Rico Henry,1,28.076754,-20.289822
Mads Hermansen,0,-15.680951,23.623884
Mario Hermoso,2,35.575623,-17.314703
Mario Hermoso,0,-3.8863845,26.765636
Javi Hernández,0,12.494218,40.01414
Aridane Hernández,1,23.714315,-25.27814
Lucas Hernández,2,39.40597,-0.21459645
Theo Hernández,1,0.7959715,-19.72342
Hernani,1,4.387294,-14.434551
Jorge Herrando,0,9.075213,36.595505
Ander Herrera,0,-45.43985,-21.779663
Sergio Herrera,1,24.327314,-28.174885
Yangel Herrera,0,-8.438131,10.851679
Juan Herzog,0,-14.09611,-6.3833323
Son Heung-min,0,18.47221,26.442024
Isak Hien,1,17.79756,2.1532695
Omar El Hilali,0,-21.304277,3.1614447
James Hill,1,10.086594,-17.625233
Piero Hincapié,0,-12.027155,-1.3762517
Roger Hinojo,0,-5.545636,4.381418
Jack Hinshelwood,2,39.04342,-3.984114
George Hirst,1,3.3545308,-11.1265545
Adam Hložek,1,-23.190569,-26.691584
Ki-Jana Hoever,0,43.564117,18.971571
Nicolas Höfler,2,33.351006,15.410127
Jonas Hofmann,0,-47.80086,-22.716621
Philipp Hofmann,0,-22.08058,11.05452
Lucas Höler,0,3.3893785,28.367197
Mason Holgate,0,-19.699636,-30.455046
Benedict Hollerbach,0,-6.5015535,2.313058
Emil Holm,0,-16.74904,2.4796524
Lewis Holtby,0,-17.248564,3.024036
Gerrit Holtmann,0,28.060951,8.831094
Franck Honorat,0,-27.772251,-16.291428
Mathias Honsak,0,-2.1956325,30.30588
Dinko Horkaš,0,21.685713,13.304839
Timo Horn,0,12.990252,39.226807
Cédric Hountondji,0,-20.547318,1.6911923
Ilyes Housni,0,-15.073586,-11.944323
Harry Howell,1,26.537252,-28.290567
Lukáš Hrádecký,0,-21.494596,16.659788
Robin Hranáč,1,22.727556,-14.732028
Callum Hudson-Odoi,1,-29.451979,-36.006878
Will Hughes,2,42.423206,15.673813
Dean Huijsen,2,42.162285,-4.4736247
Mats Hummels,0,7.721191,4.8937287
Omari Hutchinson,2,50.020485,5.7053757
Elseid Hysaj,0,-21.465168,10.878451
Hong Hyunseok,1,16.510443,-23.232183
Pierre Højbjerg,1,16.656796,-29.888344
Oscar Højlund,1,7.679288,-19.45616
Rasmus Højlund,1,-17.895617,-20.910357
Pablo Ibáñez,0,2.3330193,24.431355
Hafiz Ibrahim,0,-34.38154,-14.156531
Arijon Ibrahimović,1,-20.030651,-32.175396
Arijon Ibrahimović,2,47.96846,8.101571
Stanis Idumbo,2,34.505875,5.4236374
Jay Idzes,0,-41.25974,-27.8428
Iglesias,0,-31.807878,-18.269463
Borja Iglesias,0,-40.290848,5.2234726
Igor,0,7.754414,6.5430837
Kelechi Iheanacho,1,0.35560268,-9.583374
Jonathan Ikone,1,-34.080246,-25.044601
Jonathan Ikone,2,36.989174,11.02905
George Ilenikhena,0,-14.161009,9.885639
Andrej Ilic,1,8.662154,-31.024452
Ivan Ilić,0,-0.51600623,3.0079143
Rareş Ilie,2,41.287655,-0.22628705
Samuel Iling-Junior,2,41.95938,1.0007961
Danny Ings,0,-34.779465,15.117888
Alessio Iovine,1,10.0209675,-27.81282
Tim Iroegbunam,0,11.188807,22.846119
Jackson Irvine,0,-26.633537,-15.846546
Andy Irving,1,29.53276,-1.5724826
Alexander Isak,2,39.39955,-4.460889
Gustav Isaksen,0,-7.104659,14.087015
Isco,1,28.756495,-13.895398
Ismaily,1,-8.12561,-9.257098
Ardian Ismajli,0,-39.668404,10.147861
Yanis Issoufou,1,-36.958904,-30.031475
Ko Itakura,0,-21.895756,-14.422576
Hiroki Ito,0,10.830309,37.89502
Junya Ito,0,-50.13961,-22.356895
Diego Iturralde,0,-36.664577,5.9867864
Marko Ivezić,1,14.715976,-9.47255
Alex Iwobi,1,15.075753,-1.5992572
Armando Izzo,0,-37.462833,-2.206213
Fellipe Jack,0,14.499568,26.497793
Nicolas Jackson,0,13.197533,36.255043
Jérémy Jacquet,0,13.840272,33.54789
Lee Jae-sung,0,4.9769435,-3.0667965
Ivan Jaime Pajuelo,0,3.3305175,40.866566
Kristijan Jakić,0,13.761136,11.832899
Karl Jakob Hein,0,-32.08635,14.215405
Ismail Jakobs,0,8.549371,25.496614
Jordan James,0,-4.190392,31.832289
Reece James,0,13.269507,20.322504
Vitaly Janelt,1,25.181828,-6.3047624
Adnan Januzaj,0,14.948244,36.739777
Luca Jaquez,0,-37.829258,-0.8359096
Vitezslav Jaros,1,10.438692,7.8113623
Ali Jasim,0,13.414709,22.124294
Mikel Jauregizar,0,-28.591393,12.060355
Dominik Javorček,1,-2.301435,-10.701282
Gaby Jean,2,44.420242,16.282372
Daniel Jebbison,1,18.233616,-13.95684
Finn Jeltsch,0,-25.524511,-9.194431
Malcolm Jeng,0,16.723576,23.645004
Fredrik Jensen,1,-23.31806,-33.166183
Mathias Jensen,0,-15.56269,-6.25635
Moritz Jenz,0,15.192583,8.194355
Gabriel Jesus,0,9.606925,18.580639
Juan Jesus,0,-9.693407,-12.697611
Alejandro Jiménez,0,-44.015514,5.0337133
Raúl Jiménez,0,-34.042637,-23.5575
Kim Jisoo,0,-15.3782015,12.026706
João Pedro,0,-6.068025,28.162659
John Joe,0,-25.971754,14.964975
John Joe,2,49.37151,-6.378683
Joelinton,0,-6.8425407,15.236606
Jofre,1,4.041893,-27.36594
Þórir Jóhann Helgason,1,7.53935,-22.815655
Carl Johansson,2,42.53076,10.583306
Ben Johnson,0,-36.628613,-15.334125
Brennan Johnson,0,-38.953056,6.558435
Karl-Johan Johnsson,0,11.26179,35.263287
Sam Johnstone,1,8.392295,-5.568517
Paul Joly,0,1.8446919,32.359783
Curtis Jones,1,7.025245,-29.252462
Frenkie de Jong,2,44.863354,4.8219285
Joan Jordán,0,-0.34819558,12.10364
Jorginho,0,4.284739,36.42007
Jesse Joronen,1,-33.923206,-28.391329
Jota,0,-41.629017,-27.745256
Diogo Jota,1,28.669882,-1.1452237
Antoine Joujou,2,29.67741,-11.388307
Luka Jović,2,50.274773,8.5395565
Juanmi,0,-43.778564,1.667712
Juanmi,1,-6.9716196,-8.053179
Juanpe,2,43.588078,1.1889613
Jubal,0,-33.850506,5.665047
Anthony Jung,1,1.1905991,-30.169245
Luiz Lúcio Reis Júnior,2,45.106464,14.296373
Hamed Junior Traorè,0,-42.182156,6.2511797
Vinicius Júnior,0,-30.300522,5.9366264
Josip Juranović,0,-39.999416,5.228446
David Jurásek,1,-20.500427,-19.155634
Stanko Jurić,0,5.90238,-4.913359
James Justin,0,-50.012005,-21.429869
Filip Jørgensen,2,32.33343,6.380798
Mohamed Kaba,0,-33.899715,3.6722515
Yusuf Kabadayı,1,-21.404533,-31.280497
Almugera Kabar,2,52.914787,-2.484201
Christian Kabasele,1,8.931582,-20.360224
Issa Kaboré,1,19.352955,-11.762234
Yaya Kader Fofana,0,-45.765793,20.502737
Pavel Kadeřábek,0,7.2939034,-3.1450915
Tino Kadewere,1,6.43702,-8.415339
Ferdi Kadioglu,0,-16.071548,5.9812675
Arnaud Kalimuendo,1,18.148996,-16.436026
Pierre Kalulu,2,29.828884,-9.8845625
Justin-Noël Kalumba,1,19.089928,-26.343294
Daichi Kamada,0,-36.181007,6.190167
Waren Kamanzi,0,-16.988798,-18.362755
Boubacar Kamara,0,-37.43174,-24.851171
Glen Kamara,1,-5.805911,-17.284197
Hassane Kamara,0,4.329437,15.747386
Noham Kamara,0,1.0281422,34.709557
Willy Kambwala,2,44.56849,-11.830554
Jakub Kamiński,0,-16.55393,-9.698068
Kevin Kampl,0,-16.31969,23.91236
Nordine Kandil,2,36.283546,-19.188656
Harry Kane,2,42.391422,12.0215225
Lee Kang-in,1,8.533744,-26.43061
Yann Karamoh,0,-4.8854046,38.518585
Atakan Karazor,0,18.608475,7.187636
Jesper Karlsson,0,-0.72927606,11.306674
Jesper Karlsson,0,1.2093668,31.280722
Jesper Karlström,0,-16.04435,3.033974
Lior Kasa,0,-3.6935952,21.115942
Grigoris Kastanos,2,32.743008,-1.4145117
Mikkel Kaufmann,0,-10.056596,18.493729
Joachim Kayi Sanda,2,30.285812,6.767858
Michael Kayode,1,23.557402,-1.7339916
Michael Kayode,1,7.845931,-26.59924
Moise Kean,2,56.648567,8.654738
Michael Keane,0,9.623182,13.104658
Yassine Kechta,0,-4.1141896,20.288797
Thilo Kehrer,0,-6.5426626,2.548216
Abdoulaye Keita,0,-10.658569,6.077492
Mandela Keita,1,8.746807,-25.893219
Yannik Keitel,1,7.933434,-20.553991
Andu Kelati,2,45.130383,-11.461424
Caoimhín Kelleher,1,-1.8336867,-3.9135408
Thomas Keller,0,-35.011745,4.5795026
Lloyd Kelly,1,9.806327,-30.252998
Lloyd Kelly,1,21.608702,-28.714582
Aljoscha Kemlein,0,-17.612091,-2.3806536
Marc-Oliver Kempf,0,-0.69538784,32.332443
Kenedy,0,-47.73846,-20.87797
Luca Kerber,2,51.45706,13.236316
Milos Kerkez,0,6.3522897,26.516457
Reda Khadra,0,-33.169376,-16.677998
Bilal El Khannouss,2,39.80701,14.834928
Wahbi Khazri,1,15.014571,1.4660308
Rani Khedira,0,-9.183075,-2.61443
Abdukodir Khusanov,2,45.893215,15.894827
Abdukodir Khusanov,0,-24.933525,-14.740476
Kialonda,1,23.6227,-9.996543
Kiké,0,-9.587217,16.564081
Max Kilman,2,45.997654,9.93062
Joshua Kimmich,0,-11.148744,6.286129
Presnel Kimpembe,0,16.223248,38.795513
Joshua King,2,40.18381,-5.6799026
Joshua King,0,-37.5907,-9.686966
Tom King,1,4.057819,-21.400833
Antonín Kinský,1,27.183918,-27.632914
Cédric Kipré,0,-1.3991379,19.467169
Jakub Kiwior,0,-16.924261,9.453961
Tim Kleindienst,0,-7.898659,-4.826926
Lukas Klostermann,1,1.4498165,-20.434774
Justin Kluivert,0,-33.033413,14.64924
Ansgar Knauff,0,-1.3204664,33.629578
Magnus Knudsen,2,47.982952,9.348959
Gregor Kobel,2,48.65574,-3.3543663
Robin Koch,0,-38.977577,8.822827
Hervé Koffi,0,-25.296381,-14.016449
Magnus Kofod Andersen,2,35.30263,4.6688
Derrick Köhn,2,38.66424,-12.597033
Philipp Köhn,0,-6.8774457,4.148642
Dominik Kohr,1,-29.627464,-29.788208
Koka,0,-8.438674,-3.3572383
Koke,0,4.8663697,24.05626
Sead Kolašinac,2,34.72082,14.945587
Randal Kolo Muani,2,50.781876,12.207674
Randal Kolo Muani,1,9.480045,6.057014
Marco Komenda,1,-21.200972,-28.351648
Mert Kömür,1,1.0479006,-21.309155
Ibrahima Konaté,2,52.71627,-1.9992986
Ismael Konate,0,1.9263357,22.989431
Geoffrey Kondogbia,0,18.709291,28.250864
Abdoul Koné,1,25.254557,-25.566957
Amadou Koné,0,0.94447017,40.80237
Ismaël Koné,1,20.40997,-25.922274
Ismaël Koné,0,-30.647509,6.1403437
Manu Koné,0,0.7315082,21.91417
Ezri Konsa,2,40.23579,-13.067517
Teun Koopmeiners,1,-8.505798,-26.310596
Kacper Koscierski,1,-11.324051,-16.370857
Odilon Kossounou,0,-36.660843,20.623873
Christian Kouamé,2,55.495163,7.971723
Christian Kouamé,0,8.357665,8.56728
Henri Koudossou,1,-28.877327,-26.28688
Konstantinos Koulierakis,1,-5.1460056,-17.626074
Emmanuel Koum Mbondo,2,33.52456,-18.354876
Jules Koundé,0,-21.69816,-14.347782
Boubakar Kouyaté,0,-29.296017,1.6893529
Mateo Kovačić,0,1.3230261,28.682928
Viktor Kovalenko,1,19.153486,-28.767181
Matej Kovar,0,-0.19929951,16.829866
Mateusz Kowalski,2,26.252337,-22.618172
Goduine Koyalipou,0,4.7566733,22.734564
Caleb Kporha,0,-15.755631,-11.106492
Emil Krafth,0,-26.390343,15.856368
Alex Král,1,27.15209,-20.158092
Andrej Kramarić,1,25.487043,-28.548628
Frans Krätzig,0,-26.29708,2.3222067
Frans Krätzig,0,-5.914886,34.372616
Tom Krauß,0,4.811447,7.216902
Ladislav Krejčí,0,-40.231518,17.200512
Rasmus Kristensen,1,17.702831,-2.301847
Thomas Kristensen,0,-28.667631,-2.2916067
Nikola Krstović,1,12.746036,-14.004494
Lukas Kübler,0,11.599684,17.975573
Takefusa Kubo,0,3.6699965,-4.697355
Mohammed Kudus,0,-19.304726,-0.48272833
Dejan Kulusevski,2,37.85836,-5.394277
Sael Kumbedi,0,-7.134516,14.058619
Marash Kumbulla,2,44.08964,-6.35865
Jonah Kusi-Asare,0,-6.8587303,20.351166
Daler Kuzyaev,1,-23.19878,-20.91532
Khvicha Kvaratskhelia,1,15.019534,-29.418453
Khvicha Kvaratskhelia,0,-16.131575,-15.537415
Moritz-Broni Kwarteng,0,15.952025,36.720222
Giorgos Kyriakopoulos,0,-15.090296,-0.8710703
Luca de la Torre,1,3.7156591,-7.320146
Rémy Labeau Lascary,1,19.419897,-17.677622
Gaëtan Laborde,0,13.17001,36.961975
Nediljko Labrović,0,6.2227626,-0.5587236
Alexandre Lacazette,1,2.0363739,-23.972137
Younes Lachaab,0,-20.177221,-1.3185009
Maxence Lacroix,1,13.736171,-31.548933
Alban Lafont,1,2.7352269,-22.866869
Yoel Lago,0,-42.771393,7.7326427
Konrad Laimer,0,-45.41159,6.9963503
Stefan Lainer,1,17.47411,-16.920288
Kenny Lala,0,28.188484,9.370813
Adam Lallana,1,-29.206,-30.635534
Mathis Lambourde,0,-22.511871,-19.489183
Mohamed Lamine Bayo,1,8.075245,-24.205616
Tariq Lamptey,0,-1.5126451,3.9964807
Will Lankshear,0,7.7857413,37.46977
Gianluca Lapadula,2,31.78938,-13.522071
Cyle Larin,0,18.935888,10.198831
Gautier Larsonneur,1,24.08795,-15.253183
Hugo Larsson,0,10.849434,21.469059
Juanmi Latasa,0,-11.226725,-10.458203
Toni Lato,0,-5.878513,28.411665
Roméo Lavia,1,9.752228,-24.478949
Valentino Lazaro,0,2.7278538,2.3765821
Darko Lazović,0,-39.87827,15.196528
Manuel Lazzari,0,4.5983977,38.990658
Julien Le Cardinal,1,18.655706,3.3014266
Jérémy Le Douaron,0,-32.328712,-18.907362
Enzo Le Fée,1,-31.16609,-21.474222
Robin Le Normand,2,33.667416,-2.2567096
Nicola Leali,0,-1.5747943,37.606625
Rafael Leão,0,-22.419424,4.350979
Benjamin Lecomte,2,45.646656,-7.465383
Pierre Lees-Melou,2,52.46159,-2.114102
Jordan Lefort,1,-28.567719,-33.71329
Diogo Leite,1,6.4045944,-19.949833
Maxim Leitsch,1,-29.110195,-28.25104
Florian Lejeune,0,-44.471863,18.534716
Stefan Lekovic,0,-35.79797,-4.0834227
Iñigo Lekue,0,27.032692,8.897843
Nunzio Lella,0,14.714899,14.575459
Thomas Lemar,0,-10.443142,10.904942
Félix Lemaréchal,0,-4.215381,35.05587
Mario Lemina,0,0.5635274,37.44357
Clément Lenglet,2,52.895145,12.57443
Bernd Leno,0,-19.489464,2.0738623
Donovan Léon,1,9.196481,5.5822034
Giovanni Leoni,0,-41.76864,-26.269094
Esteban Lepaul,1,16.363873,-0.8150715
Johann Lepenant,1,11.067271,-32.019485
Jefferson Lerma,2,35.21806,-3.7797701
Louis Leroux,0,-17.654583,0.2581772
Robert Lewandowski,0,-47.770195,-20.29907
Jamie Leweling,2,49.371655,2.6973073
Rico Lewis,0,-39.2657,-16.383759
Keane Lewis-Potter,0,-38.320396,20.463863
Myles Lewis-Skelly,0,-24.613075,10.6787195
Ben Lhassine Kone,0,7.1823177,35.2933
Mattia Liberali,1,12.914891,-21.133112
Philipp Lienhart,0,-28.569813,2.9993036
Matthijs de Ligt,0,-36.420937,15.555651
Pedro Lima,1,19.171862,-13.475951
Victor Lindelöf,0,9.606568,22.415699
Jesper Lindstrøm,0,14.687575,10.104573
Karol Linetty,2,46.45395,-2.5280702
Samuel Lino,0,-44.31069,3.5631812
Pol Lirola,0,-29.569273,-17.03483
Dailon Livramento,2,34.16725,-14.180464
Valentino Livramento,2,43.03891,-5.7536454
Marin Ljubicic,0,1.1344897,-0.08131822
Javier Llabrés,1,7.006288,-25.63096
Diego Llorente,0,-30.86685,15.229103
Marcos Llorente,2,44.095943,4.913763
Gautier Lloris,0,-10.317381,-6.1526084
Giovani Lo Celso,1,-30.67878,-29.033768
Stanislav Lobotka,2,57.308506,10.816761
Manuel Locatelli,0,-31.871979,-1.0171685
Bradley Locko,0,-46.864502,-25.86274
Ruben Loftus-Cheek,1,-26.936602,-26.522934
Elysée Logbo,2,43.190678,-8.752408
Enzo Loiodice,1,16.256338,-20.884108
Sean Longstaff,0,27.401628,7.3557854
Ademola Lookman,0,-12.987512,14.832504
Anthony Lopes,0,-40.528576,20.85481
David López,0,-20.70141,5.875301
David López,1,6.687588,-23.168995
Diego López,0,-25.765335,11.465065
Fer López,1,15.232921,-26.883673
Fermin López,2,49.04796,-1.7207615
Javi López,0,-19.114582,-3.7855818
Pau López,0,-12.037541,4.025321
Roberto López,1,-33.050022,-33.645832
Unai López,2,49.486057,12.82576
Iker Losada,0,9.110321,24.783243
Iker Losada,0,15.844997,20.901855
Anthony Losilla,0,12.952756,34.391766
Jordan Lotomba,1,4.2052474,-11.83154
Tom Louchet,0,4.0681715,29.153204
Sandi Lovrić,1,17.762436,-9.148069
Pol Lozano,0,-25.157839,-7.471185
Lorenzo Lucca,0,-24.523245,4.5289903
Jhon Lucumí,2,32.08901,-19.726837
Yannik Lührs,1,24.749216,-18.560001
José Luis Gayà,2,45.3457,14.834179
José Luis Palomino,0,0.17909896,20.568365
Douglas Luiz,0,14.409054,37.29508
Romelu Lukaku,1,26.740852,-3.318753
Castello Lukeba,2,42.188198,-4.8859406
Dodi Lukebakio,2,44.136814,-9.510046
Saša Lukić,0,8.6763315,21.13747
Milos Lukovic,2,33.786747,1.7472343
Joe Lumley,1,-21.645735,-25.941906
Daniel Luna,0,-36.801273,-2.6761122
Andriy Lunin,0,2.2339778,31.413807
Massimo Luongo,1,13.32059,-20.157091
Sebastiano Luperto,0,2.0120025,18.3048
Zito Luvumbo,1,3.6331902,-7.157311
Charalambos Lykogiannis,0,-32.76443,2.1282392
Senne Lynen,0,-44.161633,2.890944
Mathias Løvik,0,-36.844955,-10.743791
Othmane Maamma,0,5.6556697,23.694546
Ian Maatsen,0,1.3232876,20.92964
Alexis Mac Allister,0,18.708345,24.865253
Deiver Machado,0,-25.432568,5.2062254
Lanroy Machine,0,-16.649284,-5.7341332
Shuto Machino,1,-9.462023,-26.287956
Darwin Machís,2,22.46842,3.9811234
Yvann Macon,0,-39.734238,20.6355
James Maddison,1,17.371157,-7.0792956
Eros Maddy,0,-3.791502,19.383923
Noni Madueke,2,47.72161,13.644225
Pablo Maffeo,0,-20.488426,22.177753
Gabriel Magalhães,0,-11.79216,18.477434
Soungoutou Magassa,0,-35.37527,-24.13917
Edmond-Paris Maghoma,0,-35.544353,6.262097
Giangiacomo Magnani,0,-11.855778,0.7376946
Hugo Magnetti,0,-8.496609,8.760263
Frank Magri,1,17.53855,3.868663
Harry Maguire,0,13.479984,17.466942
Jon Magunazelaia,0,39.336056,11.9079275
Arne Maier,2,36.61628,-5.961264
Mike Maignan,0,-3.2800407,-6.5515285
Patrick Mainka,1,25.749718,-1.6494735
Kobbie Mainoo,0,3.1519258,1.5674723
Ainsley Maitland-Niles,0,-40.315845,6.7145476
Radosław Majecki,0,-34.996,-1.9625229
Lovro Majer,1,7.5061626,-25.29439
Hamidou Makalou,1,28.585468,-5.518154
Jordy Makengo,1,17.883856,-20.578943
Antoine Makoumbou,2,39.262115,10.216703
Nikola Maksimović,0,-27.194931,0.8439767
Tyrell Malacia,1,-39.42863,-28.756855
Jarzinho Malanga,1,-40.414715,-28.713213
Julián Malatini,2,45.548904,14.051832
Daniel Maldini,0,2.9745486,32.335785
Daniel Maldini,0,-44.68245,18.273844
Youssef Maleh,0,-31.80526,-3.131549
Donyell Malen,0,4.2856717,24.834982
Donyell Malen,1,35.753216,-18.183823
Ruslan Malinovskyi,2,34.253635,-14.022651
Lennard Maloney,0,-3.8728762,25.35112
Lennard Maloney,0,-50.82929,-22.872103
Aaron Malouda,2,49.222855,13.456501
Giorgi Mamardashvili,2,37.597527,-8.599086
Dennis Man,2,45.944267,17.44689
Hianga Mananga Mbock,0,-18.699963,-18.460217
Gianluca Mancini,0,-14.862815,21.288723
Steve Mandanda,1,24.039566,-17.529188
Christos Mandas,0,18.519651,5.900003
Reinildo Mandava,1,0.7824906,-19.353827
Aïssa Mandi,0,-42.374603,10.09032
Rolando Mandragora,0,10.991358,17.437803
Mateus Mane,0,4.8051925,23.198467
Orel Mangala,1,0.8241444,-9.579954
Orel Mangala,0,7.466343,21.888212
Ryan Manning,0,0.008089427,6.7797017
Javier Manquillo,0,-14.735921,12.206056
Johan Manzambi,0,-32.1376,-1.438072
Alberto Manzoni,0,-34.038574,-14.318003
Sekou Mara,0,17.724268,12.0592985
Alessandro Marcandalli,0,-41.667316,3.60811
Alessandro Marcandalli,0,-13.160675,3.6991596
Marcão,0,-2.4871914,29.77395
Solly March,0,5.387468,37.035812
Filip Marchwiński,2,44.42087,-11.7137985
Óscar de Marcos,2,56.71028,10.619401
Alberto Marí,0,12.042174,18.739635
Pablo Marí,0,6.9933753,29.80037
Pablo Marí,0,1.2903228,31.693977
José María Giménez,1,-5.6559095,-20.997036
Luca Marianucci,1,-28.643127,-26.745409
Mirko Marić,0,-36.66656,15.843199
Mirko Marić,1,-16.218237,-29.60346
Arkaitz Mariezkurrena,1,-25.092134,-26.081028
Rafa Marín,0,-7.357641,10.665421
Pablo Marín,0,-3.047891,39.800713
Răzvan Marin,0,-15.420453,8.303194
Guillermo Maripán,1,-29.27536,-37.343285
Mika Mármol,1,-31.619078,-33.771732
Omar Marmoush,1,28.286251,-22.373634
Omar Marmoush,2,33.53367,5.179539
Mario Maroto,0,-15.615813,14.991512
Marquinhos,0,9.289611,27.792542
Unai Marrero,1,17.096706,-24.61014
Ange Martial Tia,1,5.5293546,-27.011713
Aarón Martín,1,-25.588047,-26.54574
Carlos Martín,0,0.7172508,11.142183
Diego Martín,0,1.9539505,22.324566
Gerard Martín,0,15.290025,12.238609
Iván Martín,1,14.672653,-30.789883
Jon Martin,0,15.286185,38.05385
Jonas Martin,0,-40.660404,22.336575
Mario Martín,0,-1.6895286,16.607206
Gabriel Martinelli,0,-1.995216,39.087326
Arnau Martinez,0,-30.74662,2.3827677
Emiliano Martínez,1,3.2597194,-27.80499
Iñigo Martínez,0,-12.705788,15.132809
Javi Martínez,0,-16.679941,20.618832
Josep Martinez,2,45.269165,1.3104692
Lautaro Martínez,1,-29.21296,-31.182016
Lisandro Martínez,0,-37.527943,-14.682632
Lucas Martínez Quarta,0,-18.063454,-3.0480638
Ramón Martínez,1,2.4393249,11.580599
Toni Martínez,2,26.922676,-17.51101
Kevin Martins,1,-0.083862126,-21.307056
Javi Martón,1,29.466454,-12.081629
Adam Marušić,2,50.752686,8.523248
Marvin,0,-34.066635,17.254187
Omar Mascarell,1,35.129772,-19.656826
Adam Masina,0,41.557495,17.914251
Patrizio Masini,1,11.736297,-18.411142
Giorgos Masouras,0,-30.942904,-15.193662
Erhan Mašović,2,30.277712,-14.464946
Han-Noah Massengo,0,-20.811642,25.23363
Clinton Mata,0,-35.408215,0.41813177
Jaime Mata,2,35.663685,15.047238
Igor Matanovic,0,-43.30033,-25.407433
Pape Matar Sarr,1,18.469198,-11.161681
Eliot Matazo,0,-43.25638,5.431177
Jean-Philippe Mateta,2,43.97746,10.765092
Nemanja Matić,0,-36.56614,-21.597982
Rudy Matondo,1,-8.837189,-28.127533
Chrislain Matsima,1,38.87971,11.432969
Jean Mattéo Bahoya,0,6.1210384,20.870148
Alan Matturro,0,-36.906322,5.348185
Azor Matusiwa,0,-20.438816,24.61269
Neal Maupay,2,36.041958,-5.2905188
Maurides,0,-31.23275,-0.26518396
Stephy Mavididi,1,15.546979,-24.910738
Konstantinos Mavropanos,0,-15.050473,16.431612
Christian Mawissa,1,13.1070795,-25.930061
Keke Maximilian Topp,1,4.1945653,-22.528143
Borja Mayoral,1,-0.7846481,-3.396545
Senny Mayulu,2,45.017673,-4.1232014
Noussair Mazraoui,1,24.32913,-23.145222
Andrea Mazza,0,-6.4404383,6.2440815
Luca Mazzitelli,1,27.383621,-2.926111
Pasquale Mazzocchi,0,-23.278166,-8.231743
Samuel Mbangula,0,-34.072296,3.694329
Ethan Mbappé,1,-33.690865,-31.69787
Kylian Mbappé,1,24.66948,-1.8285116
Ibrahim Mbaye,1,7.3609133,-28.402063
Bryan Mbeumo,1,-0.7673231,-11.510897
James Mcatee,0,-7.7741275,-1.4212173
Kasey McAteer,1,-10.316695,-16.249731
Oliver McBurnie,2,51.2548,10.787011
Alex McCarthy,1,-26.471043,-24.354431
John McGinn,0,-36.27593,13.602578
Scott McKenna,0,17.88143,27.299858
Weston McKennie,1,-1.301528,-17.6039
Mark McKenzie,0,-44.644623,20.144001
Dwight McNeil,0,-8.683176,-4.870925
Scott McTominay,0,-44.42436,-21.589657
Scott McTominay,1,21.922575,-28.768726
Jakov Medić,1,-26.617352,-28.963985
Facundo Medina,0,-22.320503,10.049314
Ben Mee,1,29.853498,-16.234259
Jayden Meghoma,0,-11.38522,-4.63269
Henrik Meister,0,-41.931084,16.139696
Bamo Meïté,1,-28.763494,-29.321487
Bamo Meïté,1,19.483006,-21.960474
Mohamed Meité,2,46.831047,12.77725
Mateo Mejía,0,6.259574,24.976334
Farid El Melali,1,-29.86143,-33.697704
Filippo Melegoni,1,-24.963564,-22.477467
Arthur Melo,1,5.113817,-6.4372377
Nuno Mendes,0,-18.695059,7.1293874
Brais Méndez,1,23.768572,-15.5426445
Antoine Mendy,0,-49.603916,-17.769451
Ferland Mendy,0,-46.568317,-24.38025
Nampalys Mendy,0,-1.6557338,32.451942
Nobel Mendy,0,-41.818123,11.115061
Gideon Mensah,0,-12.659344,-12.798247
Alex Meret,0,-42.30266,10.100592
Mikel Merino,0,0.7711485,0.6642136
Quentin Merlin,0,-13.5508995,-0.91326153
Víctor Meseguer,0,7.1347365,24.233803
Rafik Messali,0,-22.939554,3.91563
Junior Messias,0,-45.83433,-24.911654
Connor Metcalfe,2,40.489006,-4.7793274
Karol Mets,0,-33.427883,14.258882
Thomas Meunier,0,8.533358,22.133705
Alexander Meyer,1,5.0981793,-28.363846
Shumaira Mheuka,1,-18.43138,-32.929234
Lucas Michal,0,3.4998837,12.058473
Florian Micheler,1,31.341164,-13.554902
Miguel,1,-28.528194,-29.852785
Valentin Mihaila,2,50.354664,13.379113
Georges Mikautadze,1,18.941748,1.7729255
Igor Miladinović,0,-39.6586,21.897284
Nikola Milenković,0,-49.977196,-23.19618
Lewis Miley,0,-38.794506,-15.586186
Vanja Milinković-Savić,0,-21.252897,12.517057
Éder Militão,0,-13.663268,14.458269
Luis Milla,0,-47.09184,-18.773623
Pere Milla,0,-47.135746,6.313535
Enzo Millot,0,10.099465,38.368305
James Milner,1,-31.694887,-32.24943
Kim Min-jae,0,-24.206251,12.558159
Yerry Mina,0,-34.11827,-1.2388707
Takumi Minamino,1,15.731827,-25.044165
Lucas Mincarelli,0,-13.13896,-12.538256
Tyrone Mings,1,25.477928,-26.835209
Óscar Mingueza,0,14.824513,1.6723967
Kim Minsu,0,-12.45366,17.983639
Yankuba Minteh,2,54.597435,9.397704
Bojan Miovski,1,13.636576,3.9526181
Rafa Mir,0,-42.212044,12.623508
Juan Miranda,1,-36.00379,-31.206213
Fabio Miretti,0,2.2674809,41.39661
Tyrick Mitchell,2,28.119572,-25.95005
Kaoru Mitoma,0,12.710656,15.50214
Maximilian Mittelstädt,2,48.00744,14.437998
Koji Miyoshi,0,-29.750294,-0.7048884
Henrikh Mkhitaryan,0,1.6597667,16.173138
Jakub Moder,0,-2.064978,10.603
Rui Modesto,0,-17.002209,-12.995361
Luka Modrić,0,-37.143795,21.00351
Max Moerstedt,0,-5.446111,0.1717959
Terem Moffi,2,43.075794,-4.464171
Mostafa Mohamed,1,15.204371,-30.158491
Johan Mojica,2,38.033535,-3.169842
David Mokwa,0,5.1212597,16.081833
Alberto Moleiro,0,13.811391,33.20263
Nahuel Molina,1,17.877296,-2.4583945
Florent Mollet,2,31.872904,11.358402
Jon Moncayola,0,-9.911938,10.802978
Jeremy Monga,2,48.652164,-6.9811153
Gonzalo Montiel,2,56.17388,9.02804
Lorenzo Montipò,0,-14.001496,10.51255
Mikey Moore,0,-40.306484,4.5134897
Álvaro Morata,1,20.098305,-27.77393
Morato,1,4.552945,-17.53272
Diego Moreira,2,49.307976,9.592456
Alberto Moreno,0,16.057703,22.594334
Álex Moreno,2,54.86943,11.295788
Gerard Moreno,0,-38.261745,-1.2184069
Matias Moreno,0,-32.3321,-13.170669
Xavier Moreno,0,-42.85571,6.434524
Tete Morente,1,34.72136,-16.505169
Mateu Morey,2,49.089333,-6.683927
Ilaix Moriba,0,-10.685715,-3.3051653
Manu Morlanes,0,6.60194,0.7939388
Nikola Moro,0,14.309221,19.02652
Raúl Moro,0,-5.337838,31.355297
Sam Morsy,2,42.072357,-8.575682
Gabriel Moscardo,0,-42.88395,2.8275418
Cristhian Mosquera,1,4.5604095,-22.278978
Daniel Mosquera,0,-39.646725,-27.895052
Yerson Mosquera,1,-27.266043,-35.9184
Dany Mota,2,39.779278,-8.811853
Yael Mouanga,1,9.725028,-9.21317
Aimen Moueffek,1,23.614342,2.8126032
Youssoufa Moukoko,0,-6.5747185,21.365753
Steve Mounié,1,18.32473,-10.231176
Mason Mount,0,6.080313,9.703823
Santiago Mouriño,1,3.0173635,-19.563404
Louis Mouton,0,1.9590113,29.387972
Divin Mubama,1,13.265212,-23.789131
Mykhailo Mudryk,1,27.089693,-5.646421
Ngal'Ayel Mukau,2,32.15099,-2.6772625
Nordi Mukiele,0,26.801908,7.664096
Florian Müller,0,-27.112364,12.920564
Kevin Müller,0,-44.46386,1.7449967
Marius Müller,0,-13.28623,-8.502934
Thomas Müller,1,3.150925,-19.828802
Abdul Mumin,0,-44.09259,15.01573
Marshall Munetsi,0,-47.587875,-21.332294
Marshall Munetsi,0,-34.2301,-18.339083
Rodrigo Muniz,0,15.013954,20.596874
Aihen Muñoz,0,-12.027471,16.982977
Álex Muñoz,0,-21.167791,18.717306
Daniel Muñoz,0,11.865319,33.88688
Iker Muñoz,0,0.04603562,22.33179
Javier Muñoz,0,-18.465776,9.370197
Víctor Muñoz,1,25.073145,-4.1315312
Arijanet Muric,0,-2.2896657,14.413409
Murillo,1,-38.594536,-29.036062
Vedat Muriqi,1,17.53144,-15.743046
Jacob Murphy,2,44.98938,-9.930921
Bob Murphy Omoregbe,0,-0.28369045,40.660713
